LOT,TEST_START_DATE,DEVICE_END_DATE_TIME,MODULE_ID,CELL_ID,PROGRAM_NAME,OPERATION,OWNER,PRODGROUP3,TIU_PERSONALITY_CARD_ID,THERMAL_HEAD_ID,DEVICE_TESTER_ID
M435G456,2024-09-08 02:24:47,2024-09-08 10:10:14,HXV006,C401,CLXSVSPK1H11Q00S410,6262,PROD,CLXXCP,SKXTLP1P087,SPSKXGP1736,P HXT T60709
M435F716,2024-09-08 04:29:11,2024-09-08 05:16:33,HXV006,C401,CLXSVSPK1H11Q00S410,5262,PROD,CLXXCP,SKXTLP1P087,SPSKXGP1736,P HXT T60709
M435F687,2024-09-08 17:37:18,2024-09-09 05:44:50,HXV006,C401,CLXSVSPK1H11Q00S410,6262,PROD,CLXXCP,SKXTLP1P029,SPSKXGP1736,P HXT T60709
M435F570,2024-09-09 05:44:04,2024-09-09 13:53:37,HXV006,C401,CLXSVSPK1H11Q00S410,6262,PROD,CLXXCP,SKXTLP1P029,SPSKXGP1736,P HXT T60709
M435G440,2024-09-09 13:50:22,2024-09-09 20:50:03,HXV006,C401,CLXSVSPK1H11Q00S410,6262,PROD,CLXXCP,SKXTLP1P029,SPSKXGP1736,P HXT T60709
M436F199,2024-09-10 01:24:09,2024-09-10 03:13:07,HXV006,C401,CLXSVSPK1H11Q00S410,6262,PROD,CLXXCP,SKXTLP1P029,SPSKXGP1736,P HXT T60709
M436F178,2024-09-10 03:21:43,2024-09-10 08:56:09,HXV006,C401,CLXSVSPK1H11Q00S410,6262,PROD,CLXXCP,SKXTLP1P029,SPSKXGP1736,P HXT T60709
M435F788,2024-09-10 08:54:06,2024-09-10 12:17:44,HXV006,C401,CLXSVSPK1H11Q00S410,6262,PROD,CLXXCP,SKXTLP1P029,SPSKXGP1736,P HXT T60709
M435F745,2024-09-10 14:52:22,2024-09-10 16:49:53,HXV006,C401,CLXSVSPK1H11Q00S410,6262,PROD,CLXXCP,SKXTLP1P029,SPSKXGP1736,P HXT T60709
M436F219,2024-09-10 16:50:14,2024-09-10 19:57:51,HXV006,C401,CLXSVSPK1H11Q00S410,6262,PROD,CLXXCP,SKXTLP1P029,SPSKXGP1736,P HXT T60709
M435G396,2024-09-10 21:35:20,2024-09-11 01:55:48,HXV006,C401,CLXSVSPK1H11Q00S410,6262,PROD,CLXXCP,SKXTLP1P029,SPSKXGP1736,P HXT T60709
M435G419,2024-09-11 02:01:49,2024-09-11 07:13:48,HXV006,C401,CLXSVSPK1H11Q00S410,6262,PROD,CLXXCP,SKXTLP1P029,SPSKXGP1736,P HXT T60709
M435G387,2024-09-11 07:20:16,2024-09-11 12:43:35,HXV006,C401,CLXSVSPK1H11Q00S410,6262,PROD,CLXXCP,SKXTLP1P029,SPSKXGP1736,P HXT T60709
M436F214,2024-09-11 13:13:48,2024-09-11 16:35:14,HXV006,C401,CLXSVSPK1H11Q00S410,6262,PROD,CLXXCP,SKXTLP1P029,SPSKXGP1736,P HXT T60709
M435F516,2024-09-11 17:32:40,2024-09-11 23:44:07,HXV006,C401,CLXSVSPK1H11Q00S410,6262,PROD,CLXXCP,SKXTLP1P0041,SPSKXGP1736,P HXT T60709
M435F624,2024-09-11 23:48:50,2024-09-12 05:03:12,HXV006,C401,CLXSVSPK1H11Q00S410,6262,PROD,CLXXCP,SKXTLP1P0041,SPSKXGP1736,P HXT T60709
M435F697,2024-09-12 05:07:57,2024-09-12 10:17:44,HXV006,C401,CLXSVSPK1H11Q00S410,6262,PROD,CLXXCP,SKXTLP1P0041,SPSKXGP1736,P HXT T60709
M436F237,2024-09-12 21:04:10,2024-09-12 22:43:09,HXV006,C401,CLXSVSPK1H11Q00S410,6262,PROD,CLXXCP,SKXTLP1P0041,SPSKXGP1736,P HXT T60709
M435F719,2024-09-12 22:48:28,2024-09-13 04:22:14,HXV006,C401,CLXSVSPK1H11Q00S410,6262,PROD,CLXXCP,SKXTLP1P0041,SPSKXGP1736,P HXT T60709
M436F299,2024-09-13 03:49:16,2024-09-13 08:32:15,HXV006,C401,CLXSVSPK1H11Q00S410,6262,PROD,CLXXCP,SKXTLP1P0041,SPSKXGP1736,P HXT T60709
M435G469,2024-09-13 08:37:17,2024-09-13 12:45:30,HXV006,C401,CLXSVSPK1H11Q00S410,6262,PROD,CLXXCP,SKXTLP1P0041,SPSKXGP1736,P HXT T60709
M435F776,2024-09-13 12:45:49,2024-09-13 16:42:49,HXV006,C401,CLXSVSPK1H11Q00S410,6262,PROD,CLXXCP,SKXTLP1P0041,SPSKXGP1736,P HXT T60709
M436F183,2024-09-13 16:55:01,2024-09-13 21:02:40,HXV006,C401,CLXSVSPK1H11Q00S410,6262,PROD,CLXXCP,SKXTLP1P0041,SPSKXGP1736,P HXT T60709
M435G454,2024-09-13 20:57:13,2024-09-14 00:57:13,HXV006,C401,CLXSVSPK1H11Q00S410,6262,PROD,CLXXCP,SKXTLP1P052,SPSKXGP1736,P HXT T60709
M436F231,2024-09-14 01:03:40,2024-09-14 05:54:50,HXV006,C401,CLXSVSPK1H11Q00S410,6262,PROD,CLXXCP,SKXTLP1P052,SPSKXGP1736,P HXT T60709
M435G411,2024-09-14 05:01:26,2024-09-14 08:56:11,HXV006,C401,CLXSVSPK1H11Q00S410,6262,PROD,CLXXCP,SKXTLP1P052,SPSKXGP1736,P HXT T60709
M435G392,2024-09-14 08:57:36,2024-09-14 12:28:13,HXV006,C401,CLXSVSPK1H11Q00S410,6262,PROD,CLXXCP,SKXTLP1P052,SPSKXGP1736,P HXT T60709
M437F484,2024-09-14 12:49:55,2024-09-14 17:03:01,HXV006,C401,CLXSVSPK1H11Q00S410,6262,PROD,CLXXCP,SKXTLP1P052,SPSKXGP1736,P HXT T60709
M434S800,2024-09-14 17:02:55,2024-09-14 17:40:52,HXV006,C401,CLXSVSPK1H11Q00S410,6262,PROD,CLXXCP,SKXTLP1P052,SPSKXGP1736,P HXT T60709
M435G462,2024-09-14 17:41:40,2024-09-14 22:01:59,HXV006,C401,CLXSVSPK1H11Q00S410,6262,PROD,CLXXCP,SKXTLP1P052,SPSKXGP1736,P HXT T60709
M436F225,2024-09-14 21:57:33,2024-09-15 00:32:47,HXV006,C401,CLXSVSPK1H11Q00S410,6262,PROD,CLXXCP,SKXTLP1P052,SPSKXGP1736,P HXT T60709
M437G158,2024-09-15 00:33:57,2024-09-15 04:10:49,HXV006,C401,CLXSVSPK1H11Q00S410,6262,PROD,CLXXCP,SKXTLP1P052,SPSKXGP1736,P HXT T60709
M437F588,2024-09-15 04:15:44,2024-09-15 07:29:08,HXV006,C401,CLXSVSPK1H11Q00S410,6262,PROD,CLXXCP,SKXTLP1P052,SPSKXGP1736,P HXT T60709
M437F478,2024-09-15 08:07:49,2024-09-15 12:34:03,HXV006,C401,CLXSVSPK1H11Q00S410,6262,PROD,CLXXCP,SKXTLP1P052,SPSKXGP1736,P HXT T60709
M436F306,2024-09-15 12:16:12,2024-09-15 18:39:53,HXV006,C401,CLXSVSPK1H11Q00S410,6262,PROD,CLXXCP,SKXTLP1P052,SPSKXGP1736,P HXT T60709
M437F590,2024-09-15 18:46:09,2024-09-15 22:21:20,HXV006,C401,CLXSVSPK1H11Q00S410,6262,PROD,CLXXCP,SKXTLP1P052,SPSKXGP1736,P HXT T60709
M437F523,2024-09-15 22:28:41,2024-09-16 01:53:08,HXV006,C401,CLXSVSPK1H11Q00S410,6262,PROD,CLXXCP,SKXTLP1P052,SPSKXGP1736,P HXT T60709
M437F472,2024-09-16 02:30:37,2024-09-16 06:29:24,HXV006,C401,CLXSVSPK1H11Q00S410,6262,PROD,CLXXCP,SKXTLP1P052,SPSKXGP1736,P HXT T60709
M437G202,2024-09-16 06:33:59,2024-09-16 11:42:21,HXV006,C401,CLXSVSPK1H11Q00S410,6262,PROD,CLXXCP,SKXTLP1P052,SPSKXGP1736,P HXT T60709
M437F572,2024-09-16 11:42:39,2024-09-16 16:14:24,HXV006,C401,CLXSVSPK1H11Q00S410,6262,PROD,CLXXCP,SKXTLP1P052,SPSKXGP1736,P HXT T60709
M437F611,2024-09-16 16:13:00,2024-09-16 19:41:45,HXV006,C401,CLXSVSPK1H11Q00S410,6262,PROD,CLXXCP,SKXTLP1P052,SPSKXGP1736,P HXT T60709
M437F608,2024-09-16 19:42:22,2024-09-16 23:16:47,HXV006,C401,CLXSVSPK1H11Q00S410,6262,PROD,CLXXCP,SKXTLP1P052,SPSKXGP1736,P HXT T60709
M437F580,2024-09-16 23:27:56,2024-09-17 02:53:22,HXV006,C401,CLXSVSPK1H11Q00S410,6262,PROD,CLXXCP,SKXTLP1P052,SPSKXGP1736,P HXT T60709
M437F564,2024-09-17 02:54:41,2024-09-17 06:37:04,HXV006,C401,CLXSVSPK1H11Q00S410,6262,PROD,CLXXCP,SKXTLP1P052,SPSKXGP1736,P HXT T60709
M437F557,2024-09-17 06:44:43,2024-09-17 09:47:15,HXV006,C401,CLXSVSPK1H11Q00S410,6262,PROD,CLXXCP,SKXTLP1P052,SPSKXGP1736,P HXT T60709
M437G269,2024-09-17 10:37:24,2024-09-17 14:23:26,HXV006,C401,CLXSVSPK1H11Q00S410,6262,PROD,CLXXCP,SKXTLP1P052,SPSKXGP1736,P HXT T60709
M437G263,2024-09-17 14:23:25,2024-09-17 18:37:41,HXV006,C401,CLXSVSPK1H11Q00S410,6262,PROD,CLXXCP,SKXTLP1P052,SPSKXGP1736,P HXT T60709
M437G251,2024-09-17 18:32:38,2024-09-17 22:24:58,HXV006,C401,CLXSVSPK1H11Q00S410,6262,PROD,CLXXCP,SKXTLP1P052,SPSKXGP1736,P HXT T60709
M437F552,2024-09-17 22:30:20,2024-09-18 01:31:53,HXV006,C401,CLXSVSPK1H11Q00S410,6262,PROD,CLXXCP,SKXTLP1P052,SPSKXGP1736,P HXT T60709
M437G235,2024-09-18 02:08:16,2024-09-18 06:16:33,HXV006,C401,CLXSVSPK1H11Q00S410,6262,PROD,CLXXCP,SKXTLP1P052,SPSKXGP1736,P HXT T60709
M437G163,2024-09-18 06:17:29,2024-09-18 10:07:08,HXV006,C401,CLXSVSPK1H11Q00S410,6262,PROD,CLXXCP,SKXTLP1P052,SPSKXGP1736,P HXT T60709
M437G182,2024-09-18 10:24:04,2024-09-18 13:35:16,HXV006,C401,CLXSVSPK1H11Q00S410,6262,PROD,CLXXCP,SKXTLP1P052,SPSKXGP1736,P HXT T60709
M437G212,2024-09-18 14:00:55,2024-09-18 17:45:33,HXV006,C401,CLXSVSPK1H11Q00S410,6262,PROD,CLXXCP,SKXTLP1P052,SPSKXGP1736,P HXT T60709
M437G207,2024-09-18 17:53:45,2024-09-18 20:45:04,HXV006,C401,CLXSVSPK1H11Q00S410,6262,PROD,CLXXCP,SKXTLP1P087,SPSKXGP1736,P HXT T60709
M437G272,2024-09-18 21:40:47,2024-09-18 23:07:18,HXV006,C401,CLXSVSPK1H11Q00S410,6262,PROD,CLXXCP,SKXTLP1P029,SPSKXGP1736,P HXT T60709
M437G139,2024-09-19 04:52:56,2024-09-19 05:59:07,HXV006,C401,CLXSVSPK1H11Q00S410,6262,PROD,CLXXCP,SKXTLP1P029,SPSKXGP1736,P HXT T60709
M437G122,2024-09-19 06:05:34,2024-09-19 11:31:08,HXV006,C401,CLXSVSPK1H11Q00S410,6262,PROD,CLXXCP,SKXTLP1P029,SPSKXGP1736,P HXT T60709
M438F563,2024-09-19 18:35:29,2024-09-19 23:37:09,HXV006,C401,CLXSVSPK1H11Q00S410,6262,PROD,CLXXCP,SKXTLP1P029,SPSKXGP1736,P HXT T60709
M438F519,2024-09-19 23:41:50,2024-09-20 05:53:50,HXV006,C401,CLXSVSPK1H11Q00S410,6262,PROD,CLXXCP,SKXTLP1P029,SPSKXGP1736,P HXT T60709
M438F670,2024-09-20 05:39:23,2024-09-20 10:53:05,HXV006,C401,CLXSVSPK1H11Q00S410,6262,PROD,CLXXCP,SKXTLP1P029,SPSKXGP1736,P HXT T60709
M438F792,2024-09-20 12:25:10,2024-09-20 14:32:26,HXV006,C401,CLXSVSPK1H11Q00S410,6262,PROD,CLXXCP,SKXTLP1P029,SPSKXGP1736,P HXT T60709
M438F809,2024-09-20 17:18:11,2024-09-20 17:29:36,HXV006,C401,CLXSVSPK1H11Q00S410,6262,PROD,CLXXCP,SKXTLP1P029,SPSKXGP1736,P HXT T60709
M438F795,2024-09-20 17:38:45,2024-09-20 18:14:21,HXV006,C401,CLXSVSPK1H11Q00S410,6262,PROD,CLXXCP,SKXTLP1P029,SPSKXGP1736,P HXT T60709
M438F084,2024-09-20 21:26:31,2024-09-20 23:24:03,HXV006,C401,CLXSVSPN1H11N00S210,6262,PROD,CLXHCP,SKXTLP1P029,SPSKXGP1736,P HXT T60709
M437G614,2024-09-21 04:06:44,2024-09-21 07:59:39,HXV006,C401,CLXSVSPN1H11N00S210,6262,PROD,CLXHCP,SKXTLP1P029,SPSKXGP1736,P HXT T60709
M437G638,2024-09-21 08:04:47,2024-09-21 09:04:51,HXV006,C401,CLXSVSPN1H11N00S210,6262,PROD,CLXHCP,SKXTLP1P029,SPSKXGP1736,P HXT T60709
M437G629,2024-09-21 09:11:54,2024-09-21 13:21:31,HXV006,C401,CLXSVSPN1H11N00S210,6262,PROD,CLXHCP,SKXTLP1P029,SPSKXGP1736,P HXT T60709
M438F091,2024-09-21 13:13:53,2024-09-21 17:20:53,HXV006,C401,CLXSVSPN1H11N00S210,6262,PROD,CLXHCP,SKXTLP1P029,SPSKXGP1736,P HXT T60709
M438F118,2024-09-21 16:53:17,2024-09-21 20:28:57,HXV006,C401,CLXSVSPN1H11N00S210,6262,PROD,CLXHCP,SKXTLP1P029,SPSKXGP1736,P HXT T60709
M438F123,2024-09-21 23:06:17,2024-09-22 02:21:34,HXV006,C401,CLXSVSPN1H11N00S210,6262,PROD,CLXHCP,SKXTLP1P029,SPSKXGP1736,P HXT T60709
M438F129,2024-09-22 02:19:38,2024-09-22 03:22:05,HXV006,C401,CLXSVSPN1H11N00S210,6262,PROD,CLXHCP,SKXTLP1P029,SPSKXGP1736,P HXT T60709
M438F705,2024-09-22 12:48:13,2024-09-22 16:33:51,HXV006,C401,CLXSVSPK1H11Q00S410,6262,PROD,CLXXCP,SKXTLP1P029,SPSKXGP1736,P HXT T60709
M438G273,2024-09-22 18:10:26,2024-09-22 21:19:32,HXV006,C401,CLXSVSPK1H11Q00S410,6262,PROD,CLXXCP,SKXTLP1P029,SPSKXGP1736,P HXT T60709
M438G283,2024-09-22 21:26:26,2024-09-23 01:14:30,HXV006,C401,CLXSVSPK1H11Q00S410,6262,PROD,CLXXCP,SKXTLP1P029,SPSKXGP1736,P HXT T60709
M438G295,2024-09-23 01:15:54,2024-09-23 03:18:36,HXV006,C401,CLXSVSPK1H11Q00S410,6262,PROD,CLXXCP,SKXTLP1P029,SPSKXGP1736,P HXT T60709
M438F688,2024-09-23 06:12:58,2024-09-23 09:25:33,HXV006,C401,CLXSVSPK1H11Q00S410,6262,PROD,CLXXCP,SKXTLP1P1841,SPSKXGP1736,P HXT T60709
M438G290,2024-09-23 09:27:51,2024-09-23 12:42:56,HXV006,C401,CLXSVSPK1H11Q00S410,6262,PROD,CLXXCP,SKXTLP1P1841,SPSKXGP1736,P HXT T60709
M438G342,2024-09-23 13:35:22,2024-09-23 14:39:00,HXV006,C401,CLXSVSPK1H11Q00S410,6262,PROD,CLXXCP,SKXTLP1P1841,SPSKXGP1736,P HXT T60709
M438G267,2024-09-23 14:48:10,2024-09-23 17:46:57,HXV006,C401,CLXSVSPK1H11Q00S410,6262,PROD,CLXXCP,SKXTLP1P1841,SPSKXGP1736,P HXT T60709
M438F784,2024-09-23 17:53:35,2024-09-23 20:57:14,HXV006,C401,CLXSVSPK1H11Q00S410,6262,PROD,CLXXCP,SKXTLP1P1841,SPSKXGP1736,P HXT T60709
M438F112,2024-09-23 20:41:07,2024-09-24 00:14:22,HXV006,C401,CLXSVSPN1H11N00S210,6262,PROD,CLXHCP,SKXTLP1P1841,SPSKXGP1736,P HXT T60709
M438F151,2024-09-24 00:18:48,2024-09-24 02:32:09,HXV006,C401,CLXSVSPN1H11N00S210,6262,PROD,CLXHCP,SKXTLP1P1841,SPSKXGP1736,P HXT T60709
M438F106,2024-09-24 02:26:51,2024-09-24 05:26:25,HXV006,C401,CLXSVSPN1H11N00S210,6262,PROD,CLXHCP,SKXTLP1P1841,SPSKXGP1736,P HXT T60709
M427B06K,2024-09-24 05:53:00,2024-09-24 07:20:53,HXV006,C401,CLXSVSPK1H11Q00S410,6267,PROD,CLXXCP,SKXTLP1P1841,SPSKXGP1736,P HXT T60709
M428A77K,2024-09-24 08:29:46,2024-09-24 10:24:10,HXV006,C401,CLXSVSPK1H11Q00S410,6267,PROD,CLXXCP,SKXTLP1P1841,SPSKXGP1736,P HXT T60709
M439G601,2024-10-04 01:48:06,2024-10-04 07:24:51,HXV006,C401,CLXSVSPN1H11N00S210,6262,PROD,CLXHCP,SKXTLP1P1841,SPSKXGP1736,P HXT T60709
M439G569,2024-10-04 12:43:52,2024-10-04 18:20:58,HXV006,C401,CLXSVSPN1H11N00S210,6262,PROD,CLXHCP,SKXTLP1P1841,SPSKXGP1736,P HXT T60709
M439G580,2024-10-04 18:33:02,2024-10-04 22:06:08,HXV006,C401,CLXSVSPN1H11N00S210,6262,PROD,CLXHCP,SKXTLP1P1841,SPSKXGP1736,P HXT T60709
M439G605,2024-10-04 22:05:11,2024-10-04 23:38:18,HXV006,C401,CLXSVSPN1H11N00S210,6262,PROD,CLXHCP,SKXTLP1P1841,SPSKXGP1736,P HXT T60709
M439G567,2024-10-04 23:34:16,2024-10-05 02:24:48,HXV006,C401,CLXSVSPN1H11N00S210,6262,PROD,CLXHCP,SKXTLP1P1841,SPSKXGP1736,P HXT T60709
M428A80K,2024-10-05 02:23:09,2024-10-05 03:05:21,HXV006,C401,CLXSVSPN1H11N00S210,6267,PROD,CLXHCP,SKXTLP1P1841,SPSKXGP1736,P HXT T60709
M437B10K,2024-10-05 03:01:21,2024-10-05 03:30:09,HXV006,C401,CLXSVSPN1H11N00S210,6267,PROD,CLXHCP,SKXTLP1P1841,SPSKXGP1736,P HXT T60709
M429B01K,2024-10-05 04:05:20,2024-10-05 04:09:24,HXV006,C401,CLXSVSPK1H11Q00S410,6267,PROD,CLXXCP,SKXTLP1P1841,SPSKXGP1736,P HXT T60709
M439G582,2024-10-05 05:27:52,2024-10-05 09:13:06,HXV006,C401,CLXSVSPN1H11N00S210,6262,PROD,CLXHCP,SKXTLP1P1841,SPSKXGP1736,P HXT T60709
M444F884,2024-11-08 16:54:34,2024-11-09 13:05:05,HXV006,C401,ICDSVXXC0H40F00S426,6262,PROD,ICDLCC,ICDLCC11T3866,CXICDLCCF2750,P HXT T65003
M444F571,2024-11-09 13:00:01,2024-11-10 05:42:06,HXV006,C401,ICDSVXXC0H40F00S426,6262,PROD,ICDLCC,ICDLCC11T3866,CXICDLCCF2750,P HXT T65003
M444G048,2024-11-10 05:25:46,2024-11-10 21:53:55,HXV006,C401,ICDSVXXC0H40F00S426,6262,PROD,ICDLCC,ICDLCC11T3866,CXICDLCCF2750,P HXT T65003
M444G086,2024-11-10 21:50:24,2024-11-11 12:55:01,HXV006,C401,ICDSVXXC0H40F00S426,6262,PROD,ICDLCC,ICDLCC11T3866,CXICDLCCF2750,P HXT T65003
M444F993,2024-11-11 05:52:38,2024-11-11 16:18:13,HXV006,C401,ICDSVXXC0H40F00S426,6262,PROD,ICDLCC,ICDLCC11T3866,CXICDLCCF2750,P HXT T65003
M444F928,2024-11-11 15:41:05,2024-11-11 23:05:56,HXV006,C401,ICDSVXXC0H40F00S426,6262,PROD,ICDLCC,ICDLCC11T3866,CXICDLCCF2750,P HXT T65003
M444G121,2024-11-11 22:31:49,2024-11-12 06:08:39,HXV006,C401,ICDSVXXC0H40F00S426,6262,PROD,ICDLCC,ICDLCC11T3866,CXICDLCCF2750,P HXT T65003
M444G154,2024-11-12 05:52:55,2024-11-12 13:15:44,HXV006,C401,ICDSVXXC0H40F00S426,6262,PROD,ICDLCC,ICDLCC11T3866,CXICDLCCF2750,P HXT T65003
M445F035,2024-11-12 13:13:23,2024-11-12 21:46:26,HXV006,C401,ICDSVXXC0H40F00S426,6262,PROD,ICDLCC,ICDLCC11T3866,CXICDLCCF2750,P HXT T65003
M445F169,2024-11-12 20:22:13,2024-11-13 04:58:00,HXV006,C401,ICDSVXXC0H40F00S426,6262,PROD,ICDLCC,ICDLCC11T3866,CXICDLCCF2750,P HXT T65003
M445F126,2024-11-13 04:34:47,2024-11-13 10:08:32,HXV006,C401,ICDSVXXC0H40F00S426,6262,PROD,ICDLCC,ICDLCC11T3866,CXICDLCCF2750,P HXT T65003
M445F083,2024-11-13 10:12:08,2024-11-13 18:25:15,HXV006,C401,ICDSVXXC0H40F00S426,6262,PROD,ICDLCC,ICDLCC11T3866,CXICDLCCF2750,P HXT T65003
M444G285,2024-11-13 18:05:08,2024-11-14 06:18:04,HXV006,C401,ICDSVXXC0H40F00S426,6262,PROD,ICDLCC,ICDLCC11T3866,CXICDLCCF2750,P HXT T65003
M445F214,2024-11-14 04:52:12,2024-11-14 06:26:16,HXV006,C401,ICDSVXXC0H40F00S426,6262,PROD,ICDLCC,ICDLCC11T3866,CXICDLCCF2750,P HXT T65003
M444F524,2024-11-14 16:36:15,2024-11-14 21:39:04,HXV006,C401,ICDSVXXC0H40F00S426,6262,PROD,ICDLCC,ICDLCC11T4094,CXICDLCCF2750,P HXT T65003
M444A69K,2024-11-15 13:22:27,2024-11-15 15:09:52,HXV006,C401,ICDSVXXC0H40F00S426,6267,PROD,ICDLCC,ICDLCC11T4094,CXICDLCCF2750,P HXT T65003
M444G500,2024-11-15 21:07:16,2024-11-16 09:30:34,HXV006,C401,ICDSVXXC0H40F00S426,6262,PROD,ICDLCC,ICDLCC11T4094,CXICDLCCF2750,P HXT T65003
M445F052,2024-11-16 10:04:28,2024-11-17 00:01:25,HXV006,C401,ICDSVXXC0H40F00S426,6262,PROD,ICDLCC,ICDLCC11T1164,CXICDLCCF2750,P HXT T64923
M445G291,2024-11-16 23:05:38,2024-11-17 14:51:15,HXV006,C401,ICDSVXXC0H40F00S426,6262,PROD,ICDLCC,ICDLCC11T4019,CXICDLCCF2750,P HXT T60953
M445G241,2024-11-17 14:12:42,2024-11-17 17:57:56,HXV006,C401,ICDSVXXC0H40F00S426,6262,PROD,ICDLCC,ICDLCC11T4019,CXICDLCCF2750,P HXT T60953
M445G116,2024-11-18 04:04:33,2024-11-18 19:54:50,HXV006,C401,ICDSVXXC0H40F00S426,6262,PROD,ICDLCC,ICDLCC11T3387,CXICDLCCF1327,P HXT T64836
M445G150,2024-11-18 20:00:09,2024-11-19 10:35:50,HXV006,C401,ICDSVXXC0H40F00S426,6262,PROD,ICDLCC,ICDLCC11T3387,CXICDLCCF1327,P HXT T64836
M445G193,2024-11-19 09:49:02,2024-11-20 01:16:05,HXV006,C401,ICDSVXXC0H40F00S426,6262,PROD,ICDLCC,ICDLCC11T3387,CXICDLCCF1327,P HXT T64836
M446D692,2024-11-20 00:27:16,2024-11-20 14:05:47,HXV006,C401,ICDSVXXC0H40F00S426,6262,PROD,ICDLCC,ICDLCC11T3387,CXICDLCCF1327,P HXT T64836
M446D652,2024-11-20 14:14:25,2024-11-21 03:59:06,HXV006,C401,ICDSVXXC0H40F00S426,6262,PROD,ICDLCC,ICDLCC11T3387,CXICDLCCF1327,P HXT T64836
M445G335,2024-11-21 02:43:43,2024-11-22 01:03:41,HXV006,C401,ICDSVXXC0H40F00S426,6262,PROD,ICDLCC,ICDLCC11T3387,CXICDLCCF1327,P HXT T64836
M446D727,2024-11-22 01:15:08,2024-11-22 18:16:12,HXV006,C401,ICDSVXXC0H40F00S426,6262,PROD,ICDLCC,ICDLCC11T3387,CXICDLCCF1327,P HXT T64836
M446D834,2024-11-22 18:20:24,2024-11-23 08:43:32,HXV006,C401,ICDSVXXC0H40F00S426,6262,PROD,ICDLCC,ICDLCC11T3387,CXICDLCCF1327,P HXT T64836
M445G398,2024-11-23 08:16:09,2024-11-23 23:40:38,HXV006,C401,ICDSVXXC0H40F00S426,6262,PROD,ICDLCC,ICDLCC11T3387,CXICDLCCF1327,P HXT T64836
M446D755,2024-11-23 22:47:38,2024-11-24 13:26:40,HXV006,C401,ICDSVXXC0H40F00S426,6262,PROD,ICDLCC,ICDLCC11T3387,CXICDLCCF1327,P HXT T64836
M446D991,2024-11-24 13:08:32,2024-11-25 04:07:18,HXV006,C401,ICDSVXXC0H40F00S426,6262,PROD,ICDLCC,ICDLCC11T3387,CXICDLCCF1327,P HXT T64836
M445G470,2024-11-25 03:27:42,2024-11-25 17:18:06,HXV006,C401,ICDSVXXC0H40F00S426,6262,PROD,ICDLCC,ICDLCC11T3387,CXICDLCCF1327,P HXT T64836
M446F060,2024-11-25 17:13:18,2024-11-26 06:15:42,HXV006,C401,ICDSVXXC0H40F00S426,6262,PROD,ICDLCC,ICDLCC11T3387,CXICDLCCF1327,P HXT T64836
M445G039,2024-11-26 06:41:02,2024-11-26 18:46:35,HXV006,C401,ICDSVXXC0H40F00S426,6262,PROD,ICDLCC,ICDLCC11T3387,CXICDLCCF1327,P HXT T64836
M446D876,2024-11-26 18:35:15,2024-11-27 08:00:10,HXV006,C401,ICDSVXXC0H40F00S426,6262,PROD,ICDLCC,ICDLCC11T3387,CXICDLCCF1327,P HXT T64836
M446D955,2024-11-27 07:41:35,2024-11-27 20:14:23,HXV006,C401,ICDSVXXC0H40F00S426,6262,PROD,ICDLCC,ICDLCC11T3387,CXICDLCCF1327,P HXT T64836
M446D924,2024-11-27 20:13:30,2024-11-28 11:21:26,HXV006,C401,ICDSVXXC0H40F00S426,6262,PROD,ICDLCC,ICDLCC11T3387,CXICDLCCF1327,P HXT T64836
M444A72K,2024-11-28 11:13:01,2024-11-28 13:25:46,HXV006,C401,ICDSVXXC0H40F00S426,6267,PROD,ICDLCC,ICDLCC11T3387,CXICDLCCF1327,P HXT T64836
M446F206,2024-11-28 13:35:31,2024-11-28 20:18:55,HXV006,C401,ICDSVXXC0H40F00S426,6262,PROD,ICDLCC,ICDLCC11T3387,CXICDLCCF1327,P HXT T64836
M446F473,2024-11-28 20:23:37,2024-11-29 10:02:22,HXV006,C401,ICDSVXXC0H40F00S426,6262,PROD,ICDLCC,ICDLCC11T3387,CXICDLCCF1327,P HXT T64836
M446F097,2024-11-29 09:18:32,2024-11-29 22:27:05,HXV006,C401,ICDSVXXC0H40F00S426,6262,PROD,ICDLCC,ICDLCC11T3387,CXICDLCCF1327,P HXT T64836
M446F133,2024-11-29 22:31:20,2024-11-30 11:11:43,HXV006,C401,ICDSVXXC0H40F00S426,6262,PROD,ICDLCC,ICDLCC11T3387,CXICDLCCF1327,P HXT T64836
M446F260,2024-11-30 10:51:49,2024-12-01 00:16:15,HXV006,C401,ICDSVXXC0H40F00S426,6262,PROD,ICDLCC,ICDLCC11T3387,CXICDLCCF1327,P HXT T64836
M447D467,2024-11-30 23:30:49,2024-12-01 13:59:08,HXV006,C401,ICDSVXXC0H40F00S426,6262,PROD,ICDLCC,ICDLCC11T3387,CXICDLCCF1327,P HXT T64836
M447D433,2024-12-01 13:20:48,2024-12-02 04:12:45,HXV006,C401,ICDSVXXC0H40F00S426,6262,PROD,ICDLCC,ICDLCC11T3387,CXICDLCCF1327,P HXT T64836
M446F406,2024-12-02 03:30:39,2024-12-02 16:00:41,HXV006,C401,ICDSVXXC0H40F00S426,6262,PROD,ICDLCC,ICDLCC11T3387,CXICDLCCF1327,P HXT T64836
M446F159,2024-12-02 15:58:46,2024-12-03 06:43:05,HXV006,C401,ICDSVXXC0H40F00S426,6262,PROD,ICDLCC,ICDLCC11T3387,CXICDLCCF1327,P HXT T64836
M447D786,2024-12-03 15:11:17,2024-12-04 06:41:50,HXV006,C401,ICDSVXXC0H40F00S426,6262,PROD,ICDLCC,ICDLCC11T3387,CXICDLCCF1327,P HXT T64836
M447D600,2024-12-04 06:11:55,2024-12-04 22:31:13,HXV006,C401,ICDSVXXC0H40F00S426,6262,PROD,ICDLCC,ICDLCC11T3387,CXICDLCCF1327,P HXT T64836
M447D742,2024-12-04 22:18:37,2024-12-05 14:53:42,HXV006,C401,ICDSVXXC0H40F00S426,6262,PROD,ICDLCC,ICDLCC11T3387,CXICDLCCF1327,P HXT T64836
M447D677,2024-12-05 13:55:38,2024-12-06 03:59:13,HXV006,C401,ICDSVXXC0H40F00S426,6262,PROD,ICDLCC,ICDLCC11T3387,CXICDLCCF1327,P HXT T64836
M446F587,2024-12-06 04:02:04,2024-12-06 18:04:25,HXV006,C401,ICDSVXXC0H40F00S426,6262,PROD,ICDLCC,ICDLCC11T3387,CXICDLCCF1327,P HXT T64836
M447D577,2024-12-06 16:21:19,2024-12-07 02:01:46,HXV006,C401,ICDSVXXC0H40F00S426,6262,PROD,ICDLCC,ICDLCC11T3387,CXICDLCCF1327,P HXT T64836
M446F685,2024-12-07 01:59:51,2024-12-07 14:59:54,HXV006,C401,ICDSVXXC0H40F00S426,6262,PROD,ICDLCC,ICDLCC11T3387,CXICDLCCF1327,P HXT T64836
M447D366,2024-12-07 15:03:56,2024-12-08 04:44:48,HXV006,C401,ICDSVXXC0H40F00S426,6262,PROD,ICDLCC,ICDLCC11T3387,CXICDLCCF1327,P HXT T64836
M448H000,2024-12-08 04:48:51,2024-12-08 17:36:35,HXV006,C401,ICDSVXXC0H40F00S426,6262,PROD,ICDLCC,ICDLCC11T3387,CXICDLCCF1327,P HXT T64836
M448H039,2024-12-08 17:44:24,2024-12-09 06:56:54,HXV006,C401,ICDSVXXC0H40F00S426,6262,PROD,ICDLCC,ICDLCC11T3387,CXICDLCCF1327,P HXT T64836
M449F448,2024-12-09 06:35:18,2024-12-09 20:01:14,HXV006,C401,ICDSVXXC0H40F00S426,6262,PROD,ICDLCC,ICDLCC11T3387,CXICDLCCF1327,P HXT T64836
M449F345,2024-12-09 20:05:41,2024-12-10 10:34:30,HXV006,C401,ICDSVXXC0H40F00S426,6262,PROD,ICDLCC,ICDLCC11T3387,CXICDLCCF1327,P HXT T64836
M449F388,2024-12-10 09:15:29,2024-12-10 23:06:37,HXV006,C401,ICDSVXXC0H40F00S426,6262,PROD,ICDLCC,ICDLCC11T3387,CXICDLCCF1327,P HXT T64836
M446A41K,2024-12-10 23:16:15,2024-12-11 02:40:13,HXV006,C401,ICDSVXXC0H40F00S426,6267,PROD,ICDLCC,ICDLCC11T3387,CXICDLCCF1327,P HXT T64836
M447D302,2024-12-11 02:43:15,2024-12-11 16:57:30,HXV006,C401,ICDSVXXC0H40F00S426,6262,PROD,ICDLCC,ICDLCC11T3387,CXICDLCCF1327,P HXT T64836
M447D394,2024-12-11 16:42:57,2024-12-12 08:32:36,HXV006,C401,ICDSVXXC0H40F00S426,6262,PROD,ICDLCC,ICDLCC11T3387,CXICDLCCF1327,P HXT T64836
M447D533,2024-12-12 08:19:55,2024-12-13 01:00:52,HXV006,C401,ICDSVXXC0H40F00S426,6262,PROD,ICDLCC,ICDLCC11T3387,CXICDLCCF1327,P HXT T64836
M447D484,2024-12-13 00:22:56,2024-12-13 14:53:01,HXV006,C401,ICDSVXXC0H40F00S426,6262,PROD,ICDLCC,ICDLCC11T3387,CXICDLCCF1327,P HXT T64836
M447D512,2024-12-13 13:17:25,2024-12-13 21:05:10,HXV006,C401,ICDSVXXC0H40F00S426,6262,PROD,ICDLCC,ICDLCC11T3387,CXICDLCCF1327,P HXT T64836
M447D415,2024-12-13 20:53:49,2024-12-14 10:50:15,HXV006,C401,ICDSVXXC0H40F00S426,6262,PROD,ICDLCC,ICDLCC11T3387,CXICDLCCF1327,P HXT T64836
M449F539,2024-12-23 23:28:46,2024-12-24 13:35:36,HXV006,C401,ICDSVXXC0H40F00S426,6262,PROD,ICDLCC,ICDLCC11T3387,CXICDLCCF1327,P HXT T64836
M451F103,2024-12-24 13:22:16,2024-12-25 02:29:57,HXV006,C401,ICDSVXXC0H40F00S426,6262,PROD,ICDLCC,ICDLCC11T3387,CXICDLCCF1327,P HXT T64836
M449F504,2024-12-25 02:35:00,2024-12-25 15:50:17,HXV006,C401,ICDSVXXC0H40F00S426,6262,PROD,ICDLCC,ICDLCC11T3387,CXICDLCCF1327,P HXT T64836
M450H078,2024-12-25 15:53:40,2024-12-26 02:14:09,HXV006,C401,ICDSVXXC0H40F00S426,6262,PROD,ICDLCC,ICDLCC11T3387,CXICDLCCF1327,P HXT T64836
M451F206,2024-12-26 01:42:26,2024-12-26 13:43:54,HXV006,C401,ICDSVXXC0H40F00S426,6262,PROD,ICDLCC,ICDLCC11T3387,CXICDLCCF1327,P HXT T64836
M451F152,2024-12-26 14:12:28,2024-12-27 02:10:15,HXV006,C401,ICDSVXXC0H40F00S426,6262,PROD,ICDLCC,ICDLCC11T3387,CXICDLCCF1327,P HXT T64836
M451F266,2024-12-27 02:20:38,2024-12-27 08:44:40,HXV006,C401,ICDSVXXC0H40F00S426,6262,PROD,ICDLCC,ICDLCC11T3387,CXICDLCCF1327,P HXT T64836
M451F937,2024-12-27 16:17:42,2024-12-27 23:15:21,HXV006,C401,ICDSVXXC0H40F00S426,6262,PROD,ICDLCC,ICDLCC11T3387,CXICDLCCF1327,P HXT T64836
M451F997,2024-12-27 23:22:02,2024-12-28 13:35:37,HXV006,C401,ICDSVXXC0H40F00S426,6262,PROD,ICDLCC,ICDLCC11T3387,CXICDLCCF1327,P HXT T64836
M451F753,2024-12-28 12:59:40,2024-12-28 18:55:54,HXV006,C401,ICDSVXXC0H40F00S426,6262,PROD,ICDLCC,ICDLCC11T3387,CXICDLCCF1327,P HXT T64836
M451F819,2024-12-28 16:59:58,2024-12-29 07:12:08,HXV006,C401,ICDSVXXC0H40F00S426,6262,PROD,ICDLCC,ICDLCC11T3387,CXICDLCCF1327,P HXT T64836
M451G069,2024-12-29 07:23:45,2024-12-29 20:17:05,HXV006,C401,ICDSVXXC0H40F00S426,6262,PROD,ICDLCC,ICDLCC11T3387,CXICDLCCF1327,P HXT T64836
M452G441,2024-12-29 21:20:28,2024-12-30 08:31:04,HXV006,C401,ICDSVXXC0H40F00S426,6262,PROD,ICDLCC,ICDLCC11T3387,CXICDLCCF1327,P HXT T64836
M451F767,2024-12-30 08:33:15,2024-12-30 21:47:28,HXV006,C401,ICDSVXXC0H40F00S426,6262,PROD,ICDLCC,ICDLCC11T3387,CXICDLCCF1327,P HXT T64836
M451G199,2024-12-30 21:56:08,2024-12-31 11:33:58,HXV006,C401,ICDSVXXC0H40F00S426,6262,PROD,ICDLCC,ICDLCC11T3387,CXICDLCCF1327,P HXT T64836
M452G263,2024-12-31 10:03:36,2025-01-01 04:56:14,HXV006,C401,ICDSVXXC0H40F00S426,6262,PROD,ICDLCC,ICDLCC11T3387,CXICDLCCF1327,P HXT T64836
M452G490,2025-01-01 04:27:26,2025-01-01 17:27:06,HXV006,C401,ICDSVXXC0H40F00S426,6262,PROD,ICDLCC,ICDLCC11T3387,CXICDLCCF1327,P HXT T64836
M452G240,2025-01-01 17:37:17,2025-01-02 06:35:54,HXV006,C401,ICDSVXXC0H40F00S426,6262,PROD,ICDLCC,ICDLCC11T3387,CXICDLCCF1327,P HXT T64836
M452G541,2025-01-02 06:41:32,2025-01-02 19:33:28,HXV006,C401,ICDSVXXC0H40F00S426,6262,PROD,ICDLCC,ICDLCC11T3387,CXICDLCCF1327,P HXT T64836
M452G662,2025-01-02 19:17:09,2025-01-03 08:57:40,HXV006,C401,ICDSVXXC0H40F00S426,6262,PROD,ICDLCC,ICDLCC11T3387,CXICDLCCF1327,P HXT T64836
M452G148,2025-01-03 08:41:59,2025-01-04 01:17:05,HXV006,C401,ICDSVXXC0H40F00S426,6262,PROD,ICDLCC,ICDLCC11T3387,CXICDLCCF1327,P HXT T64836
M452G175,2025-01-04 00:43:48,2025-01-04 16:06:11,HXV006,C401,ICDSVXXC0H40F00S426,6262,PROD,ICDLCC,ICDLCC11T3387,CXICDLCCF1327,P HXT T64836
M452G588,2025-01-05 09:04:32,2025-01-05 16:01:36,HXV006,C401,ICDSVXXC0H40F00S426,6262,PROD,ICDLCC,ICDLCC11T0370,CXICDLCCF1327,P HXT T61178
M452G640,2025-01-06 00:32:31,2025-01-06 17:41:07,HXV006,C401,ICDSVXXC0H40F00S426,6262,PROD,ICDLCC,ICDLCC11T4094,CXICDLCCF1327,P HXT T61178
M452G553,2025-01-06 17:01:01,2025-01-07 08:16:30,HXV006,C401,ICDSVXXC0H40F00S426,6262,PROD,ICDLCC,ICDLCC11T4094,CXICDLCCF1327,P HXT T61178
M449F645,2025-01-07 07:43:28,2025-01-07 20:37:59,HXV006,C401,ICDSVXXC0H40F00S426,6262,PROD,ICDLCC,ICDLCC11T4094,CXICDLCCF1327,P HXT T61178
M501G251,2025-01-07 20:40:53,2025-01-08 07:51:08,HXV006,C401,ICDSVXXC0H40F00S426,6262,PROD,ICDLCC,ICDLCC11T4094,CXICDLCCF1327,P HXT T61178
M452G335,2025-01-08 08:03:38,2025-01-08 21:49:37,HXV006,C401,ICDSVXXC0H40F00S426,6262,PROD,ICDLCC,ICDLCC11T4094,CXICDLCCF1327,P HXT T61178
M501G378,2025-01-08 22:03:50,2025-01-09 10:36:25,HXV006,C401,ICDSVXXC0H40F00S426,6262,PROD,ICDLCC,ICDLCC11T4094,CXICDLCCF1327,P HXT T61178
M501G322,2025-01-09 10:29:29,2025-01-09 23:31:37,HXV006,C401,ICDSVXXC0H40F00S426,6262,PROD,ICDLCC,ICDLCC11T4094,CXICDLCCF1327,P HXT T61178
M501G456,2025-01-09 23:35:43,2025-01-10 12:01:04,HXV006,C401,ICDSVXXC0H40F00S426,6262,PROD,ICDLCC,ICDLCC11T4094,CXICDLCCF1327,P HXT T61178
M502F886,2025-01-10 12:18:14,2025-01-11 03:09:45,HXV006,C401,ICDSVXXC0H40F00S426,6262,PROD,ICDLCC,ICDLCC11T4094,CXICDLCCF1327,P HXT T61178
M452F929,2025-01-11 02:32:42,2025-01-11 16:37:59,HXV006,C401,ICDSVXXC0H40F00S426,6262,PROD,ICDLCC,ICDLCC11T4094,CXICDLCCF1327,P HXT T61178
M502F749,2025-01-11 16:15:02,2025-01-12 07:04:19,HXV006,C401,ICDSVXXC0H40F00S426,6262,PROD,ICDLCC,ICDLCC11T4094,CXICDLCCF1327,P HXT T61178
M502F952,2025-01-12 06:26:20,2025-01-12 20:35:57,HXV006,C401,ICDSVXXC0H40F00S426,6262,PROD,ICDLCC,ICDLCC11T4094,CXICDLCCF1327,P HXT T61178
M502F850,2025-01-12 20:40:24,2025-01-13 09:16:27,HXV006,C401,ICDSVXXC0H40F00S426,6262,PROD,ICDLCC,ICDLCC11T4094,CXICDLCCF1327,P HXT T61178
M502F826,2025-01-13 09:23:52,2025-01-13 22:15:03,HXV006,C401,ICDSVXXC0H40F00S426,6262,PROD,ICDLCC,ICDLCC11T4094,CXICDLCCF1327,P HXT T61178
M502F989,2025-01-13 22:01:52,2025-01-14 12:01:09,HXV006,C401,ICDSVXXC0H40F00S426,6262,PROD,ICDLCC,ICDLCC11T0673,CXICDLCCF1327,P HXT T61178
M502F787,2025-01-14 19:36:00,2025-01-14 21:48:03,HXV006,C401,ICDSVXXC0H40F00S426,6262,PROD,ICDLCC,ICDLCC11T0673,CXICDLCCF1327,P HXT T61178
M502G062,2025-01-15 01:04:46,2025-01-15 14:05:39,HXV006,C401,ICDSVXXC0H40F00S426,6262,PROD,ICDLCC,ICDLCC11T4166,CXICDLCCF1327,P HXT T61178
M502F894,2025-01-16 07:01:03,2025-01-16 08:32:13,HXV006,C401,ICDSVXXC0H40F00S426,6262,PROD,ICDLCC,ICDLCC11T4166,CXICDLCCF1327,P HXT T61178
M452F772,2025-01-16 08:16:10,2025-01-16 18:50:26,HXV006,C401,ICDSVXXC0H40F00S426,6262,PROD,ICDLCC,ICDLCC11T4166,CXICDLCCF1327,P HXT T61178
M452F840,2025-01-16 17:20:21,2025-01-17 06:50:43,HXV006,C401,ICDSVXXC0H40F00S426,6262,PROD,ICDLCC,ICDLCC11T4166,CXICDLCCF1327,P HXT T61178
M452G279,2025-01-17 07:21:52,2025-01-17 17:27:35,HXV006,C401,ICDSVXXC0H40F00S426,6262,PROD,ICDLCC,ICDLCC11T4166,CXICDLCCF1327,P HXT T61178
M451G149,2025-01-17 20:47:21,2025-01-18 10:19:12,HXV006,C401,ICDSVXXC0H40F00S426,6262,PROD,ICDLCC,ICDLCC11T4166,CXICDLCCF1295,P HXT T61178
M451G052,2025-01-18 10:43:29,2025-01-19 01:40:19,HXV006,C401,ICDSVXXC0H40F00S426,6262,PROD,ICDLCC,ICDLCC11T4166,CXICDLCCF1295,P HXT T61178
M451G013,2025-01-19 01:37:21,2025-01-19 15:14:50,HXV006,C401,ICDSVXXC0H40F00S426,6262,PROD,ICDLCC,ICDLCC11T4166,CXICDLCCF1295,P HXT T61178
M504G139,2025-01-31 01:24:45,2025-01-31 20:42:42,HXV006,C401,ICDSVXXC0H40F00S426,6262,PROD,ICDLCC,ICDLCC11T4166,CXICDLCCF1295,P HXT T61178
M504G240,2025-01-31 20:09:00,2025-02-01 15:25:22,HXV006,C401,ICDSVXXC0H40F00S426,6262,PROD,ICDLCC,ICDLCC11T4166,CXICDLCCF1295,P HXT T61178
M504G291,2025-02-01 15:27:53,2025-02-02 06:54:57,HXV006,C401,ICDSVXXC0H40F00S426,6262,PROD,ICDLCC,ICDLCC11T4166,CXICDLCCF1295,P HXT T61178
M504G187,2025-02-02 07:07:31,2025-02-02 21:54:45,HXV006,C401,ICDSVXXC0H40F00S426,6262,PROD,ICDLCC,ICDLCC11T4166,CXICDLCCF1295,P HXT T61178
M504G273,2025-02-02 23:50:35,2025-02-03 12:47:05,HXV006,C401,ICDSVXXC0H40F00S426,6262,PROD,ICDLCC,ICDLCC11T4166,CXICDLCCF1295,P HXT T61178
M504G344,2025-02-03 12:51:37,2025-02-04 04:17:35,HXV006,C401,ICDSVXXC0H40F00S426,6262,PROD,ICDLCC,ICDLCC11T4166,CXICDLCCF1295,P HXT T61178
M503G181,2025-02-04 04:11:17,2025-02-04 17:25:30,HXV006,C401,ICDSVXXC0H40F00S426,6262,PROD,ICDLCC,ICDLCC11T4166,CXICDLCCF1295,P HXT T61178
M504G120,2025-02-04 17:48:26,2025-02-05 05:31:29,HXV006,C401,ICDSVXXC0H40F00S426,6262,PROD,ICDLCC,ICDLCC11T4166,CXICDLCCF1295,P HXT T61178
M504G055,2025-02-05 06:03:55,2025-02-05 17:15:24,HXV006,C401,ICDSVXXC0H40F00S426,6262,PROD,ICDLCC,ICDLCC11T4166,CXICDLCCF1295,P HXT T61178
M503G074,2025-02-05 17:10:45,2025-02-06 07:13:34,HXV006,C401,ICDSVXXC0H40F00S426,6262,PROD,ICDLCC,ICDLCC11T4166,CXICDLCCF1295,P HXT T61178
M504G103,2025-02-06 07:19:10,2025-02-06 20:45:11,HXV006,C401,ICDSVXXC0H40F00S426,6262,PROD,ICDLCC,ICDLCC11T4166,CXICDLCCF1295,P HXT T61178
M503F931,2025-02-06 08:52:10,2025-02-06 09:02:50,HXV006,C401,ICDSVXXC0H40F00S426,5262,PROD,ICDLCC,ICDLCC11T4166,CXICDLCCF1295,P HXT T61178
